จบจากโรงเรียน,Central,East,North,Northeast,South,western
กกตูมประชาสรรค์รัชมังคลาภิเษก,0,0,0,1,0,0
กบินทร์วิทยา,0,1,0,0,0,0
กมลาไสย,0,0,0,1,0,0
กรรณสูตศึกษาลัย,1,0,0,0,0,0
กระบุรีวิทยา,0,0,0,0,1,0
กระสังพิทยาคม,0,0,0,1,0,0
กรับใหญ่ว่องกุศลกิจพิทยาคม,0,0,0,0,0,1
กรุงหยันวิทยาคาร,0,0,0,0,1,0
กะเปอร์วิทยา,0,0,0,0,1,0
กันตังพิทยากร,0,0,0,0,1,0
กันทรลักษ์วิทยา,0,0,0,1,0,0
กันทรารมณ์,0,0,0,1,0,0
กัลยาณวัตร,0,0,0,1,0,0
กัลยาณีศรีธรรมราช,0,0,0,0,1,0
กาญจนดิษฐ์,0,0,0,0,1,0
กาญจนานุเคราะห์,0,0,0,0,0,1
กาญจนาภิเษกวิทยาลัยกระบี่,0,0,0,0,1,0
กาญจนาภิเษกวิทยาลัยกาฬสินธุ์,0,0,0,1,0,0
กาญจนาภิเษกวิทยาลัยฉะเชิงเทรา,0,1,0,0,0,0
กาญจนาภิเษกวิทยาลัยชัยภูมิ,0,0,0,1,0,0
กาญจนาภิเษกวิทยาลัยสุพรรณบุรี,1,0,0,0,0,0
กาญจนาภิเษกวิทยาลัยเพชรบูรณ์,1,0,0,0,0,0
กาวิละวิทยาลัย,0,0,1,0,0,0
กาฬสินธุ์พิทยาสรรพ์,0,0,0,1,0,0
กำแพง,0,0,0,1,0,0
กำแพงดินพิทยาคม,1,0,0,0,0,0
กำแพงเพชรพิทยาคม,1,0,0,0,0,0
กำแพงแสนวิทยา,1,0,0,0,0,0
กำแมดขันติธรรมวิทยาคม,0,0,0,1,0,0
กุดบากพัฒนาศึกษา,0,0,0,1,0,0
กุนนทีรุทธารามวิทยาคม,1,0,0,0,0,0
กุมภวาปี,0,0,0,1,0,0
ขนอมพิทยา,0,0,0,0,1,0
ขลุงรัชดาภิเษก,0,1,0,0,0,0
ขอนแก่นวิทยายน,0,0,0,1,0,0
ขาณุวิทยา,1,0,0,0,0,0
ขามทะเลสอวิทยา,0,0,0,1,0,0
ขุขันธ์,0,0,0,1,0,0
คงคาราม,0,0,0,0,0,1
คณะราษฎรบำรุงจังหวัดยะลา,0,0,0,0,1,0
คณะราษฎร์บำรุงปทุมธานี,1,0,0,0,0,0
คลองกิ่วยิ่งวิทยา,0,1,0,0,0,0
คลองลานวิทยา,1,0,0,0,0,0
คลองใหญ่วิทยาคม,0,1,0,0,0,0
คอนสวรรค์,0,0,0,1,0,0
คอนสารวิทยาคม,0,0,0,1,0,0
คำม่วง,0,0,0,1,0,0
คำสร้อยพิทยาสรรค์,0,0,0,1,0,0
คำเขื่อนแก้วชนูปถัมภ์,0,0,0,1,0,0
คำแสนวิทยาสรรค์,0,0,0,1,0,0
คิชฌกูฏวิทยา,0,1,0,0,0,0
คีรีมาศพิทยาคม,1,0,0,0,0,0
คีรีรัฐวิทยาคม,0,0,0,0,1,0
คุระบุรีชัยพัฒนาพิทยาคม,0,0,0,0,1,0
คุรุประชาสรรค์,1,0,0,0,0,0
คูเมืองวิทยาคม,0,0,0,1,0,0
จตุรพักตรพิมานรัชดาภิเษก,0,0,0,1,0,0
จอมพระประชาสรรค์,0,0,0,1,0,0
จอมสุรางค์อุปถัมภ์,1,0,0,0,0,0
จักรคำคณาทรจังหวัดลำพูน,0,0,1,0,0,0
จักราชวิทยา,0,0,0,1,0,0
จัตุรัสวิทยาคาร,0,0,0,1,0,0
จันทรุเบกษาอนุสรณ์,0,0,0,1,0,0
จันทร์ประดิษฐารามวิทยาคม,1,0,0,0,0,0
จันทร์หุ่นบำเพ็ญ,1,0,0,0,0,0
จันเสนเอ็งสุวรรณอนุสรณ์,1,0,0,0,0,0
จุนวิทยาคม,0,0,1,0,0,0
จ่านกร้อง,1,0,0,0,0,0
ฉวางรัชดาภิเษก,0,0,0,0,1,0
ชนแดนวิทยาคม,1,0,0,0,0,0
ชลกันยานุกูล,0,1,0,0,0,0
ชลราษฎรอำรุง,0,1,0,0,0,0
ชะอวด,0,0,0,0,1,0
ชะอำคุณหญิงเนื่องบุรี,0,0,0,0,0,1
ชัยนาทพิทยาคม,1,0,0,0,0,0
ชัยบาดาลวิทยา,1,0,0,0,0,0
ชัยภูมิภักดีชุมพล,0,0,0,1,0,0
ชำนาญสามัคคีวิทยา,0,1,0,0,0,0
ชิตใจชื่น,0,1,0,0,0,0
ชิโนรสวิทยาลัย,1,0,0,0,0,0
ชุมพลวิทยาสรรค์,0,0,0,1,0,0
ชุมพลโพนพิสัย,0,0,0,1,0,0
ชุมแพศึกษา,0,0,0,1,0,0
ชุมแสงชนูทิศ,1,0,0,0,0,0
ดงขุยวิทยาคม,1,0,0,0,0,0
ดอกคำใต้วิทยาคม,0,0,1,0,0,0
ดอนคาวิทยา,1,0,0,0,0,0
ดอนฉิมพลีพิทยาคม,0,1,0,0,0,0
ดอนเมืองจาตุรจินดา,1,0,0,0,0,0
ดอนเมืองทหารอากาศบำรุง,1,0,0,0,0,0
ดอยงามวิทยาคม,0,0,1,0,0,0
ดัดดรุณี,0,1,0,0,0,0
ดำรงราษฎร์สงเคราะห์,0,0,1,0,0,0
ดีบุกพังงาวิทยายน,0,0,0,0,1,0
ด่านช้างวิทยา,1,0,0,0,0,0
ด่านมะขามเตี้ยวิทยาคม,0,0,0,0,0,1
ด่านสวีวิทยา,0,0,0,0,1,0
ตระกูลประเทืองวิทยาคม,0,0,0,1,0,0
ตราษตระการคุณ,0,1,0,0,0,0
ตะพานหิน,1,0,0,0,0,0
ตะโหมด,0,0,0,0,1,0
ตากพิทยาคม,0,0,0,0,0,1
ตากฟ้าวิชาประสิทธิ์,1,0,0,0,0,0
ตากใบ,0,0,0,0,1,0
ตาคลีประชาสรรค์,1,0,0,0,0,0
ตานีวิทยา,0,0,0,1,0,0
ตาพระยา,0,1,0,0,0,0
ถาวรานุกูล,1,0,0,0,0,0
ถ้ำปินวิทยาคม,0,0,1,0,0,0
ทรายมูลวิทยา,0,0,0,1,0,0
ทวีธาภิเศก,1,0,0,0,0,0
ทับสะแกวิทยา,0,0,0,0,0,1
ทัพพระยาพิทยา,0,1,0,0,0,0
ทัพราชวิทยา,0,1,0,0,0,0
ทีปราษฎร์พิทยา,0,0,0,0,1,0
ทีปังกรวิทยาพัฒน์(ทวีวัฒนา)ในพระราชูปถัมภ์ฯ,1,0,0,0,0,0
ทีปังกรวิทยาพัฒน์(มัธยมวัดหัตถสารเกษตร)ในพระราชูปถัมภ์ฯ,1,0,0,0,0,0
ทีปังกรวิทยาพัฒน์(วัดน้อยใน)ในพระราชูปถัมภ์ฯ,1,0,0,0,0,0
ทุ่งทรายวิทยา,1,0,0,0,0,0
ทุ่งยาวผดุงศิษย์,0,0,0,0,1,0
ทุ่งสง,0,0,0,0,1,0
ทุ่งหว้าวรวิทย์,0,0,0,0,1,0
ทุ่งไชยพิทยารัชมังคลาภิเษก,0,0,0,1,0,0
ท่าข้ามวิทยา,0,0,0,0,1,0
ท่าตะโกพิทยาคม,1,0,0,0,0,0
ท่าตูมประชาเสริมวิทย์,0,0,0,1,0,0
ท่าทองพิทยาคม,1,0,0,0,0,0
ท่านครญาณวโรภาสอุทิศ,0,0,0,0,1,0
ท่าบ่อ,0,0,0,1,0,0
ท่ามะกาวิทยาคม,0,0,0,0,0,1
ท่าม่วงราษฎร์บำรุง,0,0,0,0,0,1
ท่าวังผาพิทยาคม,0,0,1,0,0,0
ท่าศาลาประสิทธิ์ศึกษา,0,0,0,0,1,0
ท่าเกษมพิทยา,0,1,0,0,0,0
ท่าแซะรัชดาภิเษก,0,0,0,0,1,0
ท้ายหาด,1,0,0,0,0,0
ท้ายเหมืองวิทยา,0,0,0,0,1,0
ธงชัยวิทยา,0,0,0,0,0,1
ธนบุรีวรเทพีพลารักษ์,1,0,0,0,0,0
ธรรมศาสตร์คลองหลวงวิทยาคม,1,0,0,0,0,0
ธรรมโชติศึกษาลัย,1,0,0,0,0,0
ธาตุนารายณ์วิทยา,0,0,0,1,0,0
ธาตุพนม,0,0,0,1,0,0
นครขอนแก่น,0,0,0,1,0,0
นครชุมพิทยารัชมังคลาภิเษก,1,0,0,0,0,0
นครนายกวิทยาคม,1,0,0,0,0,0
นครพนมวิทยาคม,0,0,0,1,0,0
นครสวรรค์,1,0,0,0,0,0
นครไตรตรึงษ์,1,0,0,0,0,0
นนทบุรีพิทยาคม,1,0,0,0,0,0
นนทรีวิทยา,1,0,0,0,0,0
นราธิวาส,0,0,0,0,1,0
นราสิกขาลัย,0,0,0,0,1,0
นวมราชานุสรณ์,1,0,0,0,0,0
นวมินทราชินูทิศบดินทรเดชา,1,0,0,0,0,0
นวมินทราชินูทิศสตรีวิทยาพุทธมณฑล,1,0,0,0,0,0
นวมินทราชินูทิศสตรีวิทยา๒,1,0,0,0,0,0
นวมินทราชินูทิศหอวังนนทบุรี,1,0,0,0,0,0
นวมินทราชินูทิศเตรียมอุดมศึกษาน้อมเกล้า,1,0,0,0,0,0
นวมินทราชินูทิศเตรียมอุดมศึกษาพัฒนาการ,1,0,0,0,0,0
นวมินทราชินูทิศเบญจมราชาลัย,1,0,0,0,0,0
นวมินทราชูทิศกรุงเทพมหานคร,1,0,0,0,0,0
นวมินทราชูทิศทักษิณ,0,0,0,0,1,0
นวมินทราชูทิศพายัพ,0,0,1,0,0,0
นวมินทราชูทิศมัชฌิม,1,0,0,0,0,0
นวมินทราชูทิศอีสาน,0,0,0,1,0,0
นางรอง,0,0,0,1,0,0
นาจะหลวย,0,0,0,1,0,0
นาดูนประชาสรรพ์,0,0,0,1,0,0
นาทวีวิทยาคม,0,0,0,0,1,0
นาบอน,0,0,0,0,1,0
นายายอามพิทยาคม,0,1,0,0,0,0
นารีนุกูล,0,0,0,1,0,0
นารีรัตน์จังหวัดแพร่,0,0,1,0,0,0
นาเชือกพิทยาสรรค์,0,0,0,1,0,0
นาโพธิ์พิทยาคม,0,0,0,1,0,0
นิคมน้ำอูนเจริญวิทยา,0,0,0,1,0,0
นิยมศิลป์อนุสรณ์,1,0,0,0,0,0
น้ำปาดชนูปถัมภ์,0,0,1,0,0,0
น้ำพองศึกษา,0,0,0,1,0,0
น้ำเกลี้ยงวิทยา,0,0,0,1,0,0
น้ำโสมพิทยาคม,0,0,0,1,0,0
บดินทรเดชา(สิงห์สิงหเสนี),1,0,0,0,0,0
บดินทรเดชา(สิงห์สิงหเสนี)นนทบุรี,1,0,0,0,0,0
บดินทรเดชา(สิงห์สิงหเสนี)สมุทรปราการ,1,0,0,0,0,0
บดินทรเดชา(สิงห์สิงหเสนี)๒,1,0,0,0,0,0
บดินทรเดชา(สิงห์สิงหเสนี)๔,1,0,0,0,0,0
บรบือ,0,0,0,1,0,0
บรมราชินีนาถราชวิทยาลัย,0,0,0,0,0,1
บรรพตพิสัยพิทยาคม,1,0,0,0,0,0
บรรหารแจ่มใสวิทยา3,1,0,0,0,0,0
บรรหารแจ่มใสวิทยา5,1,0,0,0,0,0
บรรหารแจ่มใสวิทยา6,1,0,0,0,0,0
บัวหลวงวิทยาคม,0,0,0,1,0,0
บางกะปิ,1,0,0,0,0,0
บางน้ำเปรี้ยววิทยา,0,1,0,0,0,0
บางบัวทอง,1,0,0,0,0,0
บางบ่อวิทยาคม,1,0,0,0,0,0
บางปลาม้า(สูงสุมารผดุงวิทย์),1,0,0,0,0,0
บางปะกอกวิทยาคม,1,0,0,0,0,0
บางปะหัน,1,0,0,0,0,0
บางปะอิน(ราชานุเคราะห์๑),1,0,0,0,0,0
บางพลีราษฎร์บำรุง,1,0,0,0,0,0
บางมดวิทยา,1,0,0,0,0,0
บางมูลนากภูมิวิทยาคม,1,0,0,0,0,0
บางระจันวิทยา,1,0,0,0,0,0
บางละมุง,0,1,0,0,0,0
บางลี่วิทยา,1,0,0,0,0,0
บางสวรรค์วิทยาคม,0,0,0,0,1,0
บางสะพานน้อยวิทยาคม,0,0,0,0,0,1
บางสะพานวิทยา,0,0,0,0,0,1
บางหลวงวิทยา,1,0,0,0,0,0
บางแก้วประชาสรรค์,1,0,0,0,0,0
บางแพปฐมพิทยา,0,0,0,0,0,1
บางแม่หม้ายรัฐราษฎร์รังสฤษดิ์,1,0,0,0,0,0
บึงกาฬ,0,0,0,1,0,0
บึงสามพันวิทยาคม,1,0,0,0,0,0
บุญวัฒนา,0,0,0,1,0,0
บุญวาทย์วิทยาลัย,0,0,1,0,0,0
บุรีรัมย์พิทยาคม,0,0,0,1,0,0
บุ่งคล้านคร,0,0,0,1,0,0
บ่อกรุวิทยา,1,0,0,0,0,0
บ่อสวกวิทยาคาร,0,0,1,0,0,0
บ่อสุพรรณวิทยา,1,0,0,0,0,0
บ่อไร่วิทยาคม,0,1,0,0,0,0
บ้านกรวดวิทยาคาร,0,0,0,1,0,0
บ้านค่าย,0,1,0,0,0,0
บ้านฉางกาญจนกุลวิทยา,0,1,0,0,0,0
บ้านดุงวิทยา,0,0,0,1,0,0
บ้านตาขุนวิทยา,0,0,0,0,1,0
บ้านทุ่งนาวิทยา,1,0,0,0,0,0
บ้านนาสาร,0,0,0,0,1,0
บ้านม่วงพิทยาคม,0,0,0,1,0,0
บ้านสวน(จั่นอนุสรณ์),0,1,0,0,0,0
บ้านหมี่วิทยา,1,0,0,0,0,0
บ้านเขว้าวิทยายน,0,0,0,1,0,0
บ้านไผ่,0,0,0,1,0,0
บ้านไร่วิทยา,1,0,0,0,0,0
ปทุมคงคา,1,0,0,0,0,0
ปทุมคงคาสมุทรปราการ,1,0,0,0,0,0
ปทุมรัตต์พิทยาคม,0,0,0,1,0,0
ปทุมราชวงศา,0,0,0,1,0,0
ปทุมวิไล,1,0,0,0,0,0
ปทุมเทพวิทยาคาร,0,0,0,1,0,0
ประจวบวิทยาลัย,0,0,0,0,0,1
ประจักษ์ศิลปาคาร,0,0,0,1,0,0
ประจันตราษฎร์บำรุง,0,1,0,0,0,0
ประชามงคล,0,0,0,0,0,1
ประชาสงเคราะห์วิทยา,1,0,0,0,0,0
ประสาทรัฐประชากิจ,0,0,0,0,0,1
ประสาทวิทยาคาร,0,0,0,1,0,0
ประสานมิตรวิทยา,0,0,0,1,0,0
ประเทียบวิทยาทาน,1,0,0,0,0,0
ประโคนชัยพิทยาคม,0,0,0,1,0,0
ปราจิณราษฎรอำรุง,0,1,0,0,0,0
ปราจีนกัลยาณี,0,1,0,0,0,0
ปลวกแดงพิทยาคม,0,1,0,0,0,0
ปลาค้าววิทยานุสรณ์,0,0,0,1,0,0
ปลายพระยาวิทยาคม,0,0,0,0,1,0
ปะทิววิทยา,0,0,0,0,1,0
ปักธงชัยประชานิรมิต,0,0,0,1,0,0
ปัญญาวรคุณ,1,0,0,0,0,0
ปัว,0,0,1,0,0,0
ปากจั่นวิทยา,0,0,0,0,1,0
ปากช่อง,0,0,0,1,0,0
ปากน้ำชุมพรวิทยา,0,0,0,0,1,0
ปากพนัง,0,0,0,0,1,0
ปากเกร็ด,1,0,0,0,0,0
ปางศิลาทองศึกษา,1,0,0,0,0,0
ปาโมกข์วิทยาภูมิ,1,0,0,0,0,0
ปิยะบุตร์,1,0,0,0,0,0
ปิยะมหาราชาลัย,0,0,0,1,0,0
ป่าพะยอมพิทยาคม,0,0,0,0,1,0
ป่าเด็งวิทยา,0,0,0,0,0,1
ป้อมนาคราชสวาทยานนท์,1,0,0,0,0,0
ผดุงปัญญา,0,0,0,0,0,1
ฝางชนูปถัมภ์,0,0,1,0,0,0
พญาเม็งราย,0,0,1,0,0,0
พนมทวนชนูปถัมภ์,0,0,0,0,0,1
พนมรอกวิทยา,1,0,0,0,0,0
พนมสารคาม(พนมอดุลวิทยา),0,1,0,0,0,0
พนมเบญจา,0,0,0,0,1,0
พนมไพรวิทยาคาร,0,0,0,1,0,0
พนัสพิทยาคาร,0,1,0,0,0,0
พนาศึกษา,0,0,0,1,0,0
พยัคฆภูมิวิทยาคาร,0,0,0,1,0,0
พยุหะพิทยาคม,1,0,0,0,0,0
พรตพิทยพยัต,1,0,0,0,0,0
พรรณาวุฒาจารย์,0,0,0,1,0,0
พรหมคีรีพิทยาคม,0,0,0,0,1,0
พรหมานุสรณ์จังหวัดเพชรบุรี,0,0,0,0,0,1
พระนารายณ์,1,0,0,0,0,0
พระบางวิทยา,1,0,0,0,0,0
พระปฐมวิทยาลัย,1,0,0,0,0,0
พระแท่นดงรังวิทยาคาร,0,0,0,0,0,1
พระแสงวิทยา,0,0,0,0,1,0
พระโขนงพิทยาลัย,1,0,0,0,0,0
พรานกระต่ายพิทยาคม,1,0,0,0,0,0
พร้าววิทยาคม,0,0,1,0,0,0
พลังราษฎร์พิทยาสรรพ์,0,0,0,1,0,0
พลับพลาชัยพิทยาคม,0,0,0,1,0,0
พะตงประธานคีรีวัฒน์,0,0,0,0,1,0
พะเยาพิทยาคม,0,0,1,0,0,0
พะโต๊ะวิทยา,0,0,0,0,1,0
พังโคนวิทยาคม,0,0,0,1,0,0
พัฒนานิคม,1,0,0,0,0,0
พัทลุง,0,0,0,0,1,0
พานทอง,0,1,0,0,0,0
พานพิทยาคม,0,0,1,0,0,0
พานพิเศษพิทยา,0,0,1,0,0,0
พิจิตรพิทยาคม,1,0,0,0,0,0
พิชัย,0,0,1,0,0,0
พิชัยรัตนาคาร,0,0,0,0,1,0
พิบูลวิทยาลัย,1,0,0,0,0,0
พิมานพิทยาสรรค์,0,0,0,0,1,0
พิมายวิทยา,0,0,0,1,0,0
พิริยาลัยจังหวัดแพร่,0,0,1,0,0,0
พิษณุโลกพิทยาคม,1,0,0,0,0,0
พุขามครุฑมณีอุทิศ,1,0,0,0,0,0
พุทธชินราชพิทยา,1,0,0,0,0,0
พุทธิรังสีพิบูล,0,1,0,0,0,0
พุทไธสง,0,0,0,1,0,0
พุนพินพิทยาคม,0,0,0,0,1,0
พูลเจริญวิทยาคม,1,0,0,0,0,0
ฟากท่าวิทยา,0,0,1,0,0,0
ภ.ป.ร.ราชวิทยาลัยในพระบรมราชูปถัมภ์,1,0,0,0,0,0
ภัทรญาณวิทยา,1,0,0,0,0,0
ภัทรบพิตร,0,0,0,1,0,0
ภูซางวิทยาคม,0,0,1,0,0,0
ภูซางใหญ่วิทยาคม,0,0,0,1,0,0
ภูเก็ตวิทยาลัย,0,0,0,0,1,0
ภูเขียว,0,0,0,1,0,0
ภูเวียงวิทยาคม,0,0,0,1,0,0
มกุฎเมืองราชวิทยาลัย,0,1,0,0,0,0
มวกเหล็กวิทยา,1,0,0,0,0,0
มหรรณพาราม,1,0,0,0,0,0
มหิศราธิบดี,0,0,0,1,0,0
มักกะสันพิทยา,1,0,0,0,0,0
มัญจาศึกษา,0,0,0,1,0,0
มัธยมฐานบินกำแพงแสน,1,0,0,0,0,0
มัธยมด่านขุนทด,0,0,0,1,0,0
มัธยมตระการพืชผล,0,0,0,1,0,0
มัธยมบักดองวิทยา,0,0,0,1,0,0
มัธยมวชิราลงกรณวราราม,0,0,0,1,0,0
มัธยมวัดดุสิตาราม,1,0,0,0,0,0
มัธยมวัดธาตุทอง,1,0,0,0,0,0
มัธยมวัดนายโรง,1,0,0,0,0,0
มัธยมวัดบึงทองหลาง,1,0,0,0,0,0
มัธยมวัดมกุฏกษัตริย์,1,0,0,0,0,0
มัธยมวัดสิงห์,1,0,0,0,0,0
มัธยมวัดหนองจอก,1,0,0,0,0,0
มัธยมวัดหนองแขม,1,0,0,0,0,0
มัธยมวัดเบญจมบพิตร,1,0,0,0,0,0
มาบตาพุดพันพิทยาคาร,0,1,0,0,0,0
มาบอำมฤตวิทยา,0,0,0,0,1,0
มุกดาหาร,0,0,0,1,0,0
ม่วงไข่พิทยาคม,0,0,1,0,0,0
ยางชุมน้อยพิทยาคม,0,0,0,1,0,0
ยางรากวิทยา,1,0,0,0,0,0
ยานนาเวศวิทยาคม,1,0,0,0,0,0
ยุพราชวิทยาลัย,0,0,1,0,0,0
ยโสธรพิทยาคม,0,0,0,1,0,0
ระยองวิทยาคม,0,1,0,0,0,0
รัตนบุรี,0,0,0,1,0,0
รัตนราษฎร์บำรุง,0,0,0,0,0,1
รัตนาธิเบศร์,1,0,0,0,0,0
รัตนโกสินทร์สมโภชบางขุนเทียน,1,0,0,0,0,0
รัตนโกสินทร์สมโภชบางเขน,1,0,0,0,0,0
รัตนโกสินทร์สมโภชลาดกระบัง,1,0,0,0,0,0
ราชดำริ,1,0,0,0,0,0
ราชนันทาจารย์สามเสนวิทยาลัย2,1,0,0,0,0,0
ราชวินิตนนทบุรี,1,0,0,0,0,0
ราชวินิตบางเขน,1,0,0,0,0,0
ราชวินิตบางแก้วในพระบรมราชูปถัมภ์,1,0,0,0,0,0
ราชวินิตบางแคปานขำ,1,0,0,0,0,0
ราชวินิตมัธยม,1,0,0,0,0,0
ราชวินิตสุวรรณภูมิ,1,0,0,0,0,0
ราชสีมาวิทยาลัย,0,0,0,1,0,0
ราชินีบูรณะ,1,0,0,0,0,0
ราชโบริกานุเคราะห์,0,0,0,0,0,1
ราษฎร์นิยม,1,0,0,0,0,0
ร่มเกล้า,0,0,0,1,0,0
ร่มเกล้าบุรีรัมย์,0,0,0,1,0,0
ร่มเกล้าวัฒนานครสระแก้วรัชมังคลาภิเษก,0,1,0,0,0,0
ร่องคำ,0,0,0,1,0,0
ร่อนพิบูลย์เกียรติวสุนธราภิวัฒก์,0,0,0,0,1,0
ร้องกวางอนุสรณ์,0,0,1,0,0,0
ร้อยเอ็ดวิทยาลัย,0,0,0,1,0,0
ฤทธิณรงค์รอน,1,0,0,0,0,0
ฤทธิยะวรรณาลัย,1,0,0,0,0,0
ลองวิทยา,0,0,1,0,0,0
ละหานทรายรัชดาภิเษก,0,0,0,1,0,0
ละอุ่นวิทยาคาร,0,0,0,0,1,0
ละแมวิทยา,0,0,0,0,1,0
ลาดปลาเค้าพิทยาคม,1,0,0,0,0,0
ลำปลายมาศ,0,0,0,1,0,0
ลำปางกัลยาณี,0,0,1,0,0,0
ลือคำหาญวารินชำราบ,0,0,0,1,0,0
ลืออำนาจวิทยาคม,0,0,0,1,0,0
วชิรธรรมสาธิต,1,0,0,0,0,0
วชิรปราการวิทยาคม,1,0,0,0,0,0
วรคุณอุปถัมภ์,0,0,0,1,0,0
วรนารีเฉลิมจังหวัดสงขลา,0,0,0,0,1,0
วรราชาทินัดดามาตุวิทยา,1,0,0,0,0,0
วังจันทร์วิทยา,0,1,0,0,0,0
วังน้ำเย็นวิทยาคม,0,1,0,0,0,0
วังวิเศษ,0,0,0,0,1,0
วังสมบูรณ์วิทยาคม,0,1,0,0,0,0
วังหว้าราษฎร์สามัคคี,1,0,0,0,0,0
วังโพนงามวิทยา,0,0,0,1,0,0
วังไทรวิทยาคม,1,0,0,0,0,0
วัชรวิทยา,1,0,0,0,0,0
วัฒโนทัยพายัพ,0,0,1,0,0,0
วัดทรงธรรม,1,0,0,0,0,0
วัดนวลนรดิศ,1,0,0,0,0,0
วัดน้อยนพคุณ,1,0,0,0,0,0
วัดบวรนิเวศ,1,0,0,0,0,0
วัดป่าประดู่,0,1,0,0,0,0
วัดพุทธบูชา,1,0,0,0,0,0
วัดรางบัว,1,0,0,0,0,0
วัดราชบพิธ,1,0,0,0,0,0
วัดราชาธิวาส,1,0,0,0,0,0
วัดราชโอรส,1,0,0,0,0,0
วัดสระเกศ,1,0,0,0,0,0
วัดสังเวช,1,0,0,0,0,0
วัดสิงห์,1,0,0,0,0,0
วัดสุทธิวราราม,1,0,0,0,0,0
วัดห้วยจรเข้วิทยาคม,1,0,0,0,0,0
วัดอินทาราม,1,0,0,0,0,0
วัดเขมาภิรตาราม,1,0,0,0,0,0
วัดโสธรวรารามวรวิหาร,0,1,0,0,0,0
วัดไร่ขิงวิทยา,1,0,0,0,0,0
วาปีปทุม,0,0,0,1,0,0
วิจิตราพิทยา,0,0,0,1,0,0
วิทยานุกูลนารี,1,0,0,0,0,0
วิทยาศาสตร์จุฬาภรณราชวิทยาลัยลพบุรี,1,0,0,0,0,0
วิทยาศาสตร์จุฬาภรณราชวิทยาลัยเลย,0,0,0,1,0,0
วิสุทธรังษี,0,0,0,0,0,1
วิเชียรกลิ่นสุคนธ์อุปถัมภ์,1,0,0,0,0,0
วิเชียรมาตุ,0,0,0,0,1,0
วิเศษไชยชาญ(ตันติวิทยาภูมิ),1,0,0,0,0,0
วีรวัฒน์โยธิน,0,0,0,1,0,0
ศรัทธาสมุทร,1,0,0,0,0,0
ศรีกระนวนวิทยาคม,0,0,0,1,0,0
ศรีธวัชวิทยาลัย,0,0,0,1,0,0
ศรีธาตุพิทยาคม,0,0,0,1,0,0
ศรีนคร,1,0,0,0,0,0
ศรีบรรพตพิทยาคม,0,0,0,0,1,0
ศรีบุญเรืองวิทยาคาร,0,0,0,1,0,0
ศรีบุณยานนท์,1,0,0,0,0,0
ศรีพฤฒา,1,0,0,0,0,0
ศรียานุสรณ์,0,1,0,0,0,0
ศรียาภัย,0,0,0,0,1,0
ศรีรัตนวิทยา,0,0,0,1,0,0
ศรีราชา,0,1,0,0,0,0
ศรีวิชัยวิทยา,1,0,0,0,0,0
ศรีวิไลวิทยา,0,0,0,1,0,0
ศรีสงครามวิทยา,0,0,0,1,0,0
ศรีสมเด็จพิมพ์พัฒนาวิทยา,0,0,0,1,0,0
ศรีสะเกษวิทยาลัย,0,0,0,1,0,0
ศรีสำโรงชนูปถัมภ์,1,0,0,0,0,0
ศรีอยุธยาในพระอุปถัมภ์ฯ,1,0,0,0,0,0
ศรีเทพประชาสรรค์,1,0,0,0,0,0
ศรีเมืองวิทยาคาร,0,0,0,1,0,0
ศีขรภูมิพิสัย,0,0,0,1,0,0
ศีลาจารพิพัฒน์,1,0,0,0,0,0
ศึกษานารี,1,0,0,0,0,0
ศึกษานารีวิทยา,1,0,0,0,0,0
สกลราชวิทยานุกูล,0,0,0,1,0,0
สงวนหญิง,1,0,0,0,0,0
สตรีชัยภูมิ,0,0,0,1,0,0
สตรีทุ่งสง,0,0,0,0,1,0
สตรีนครสวรรค์,1,0,0,0,0,0
สตรีนนทบุรี,1,0,0,0,0,0
สตรีประเสริฐศิลป์,0,1,0,0,0,0
สตรีปากพนัง,0,0,0,0,1,0
สตรีพังงา,0,0,0,0,1,0
สตรีพัทลุง,0,0,0,0,1,0
สตรีภูเก็ต,0,0,0,0,1,0
สตรียะลา,0,0,0,0,1,0
สตรีระนอง,0,0,0,0,1,0
สตรีราชินูทิศ,0,0,0,1,0,0
สตรีวัดระฆัง,1,0,0,0,0,0
สตรีวัดอัปสรสวรรค์,1,0,0,0,0,0
สตรีวิทยา,1,0,0,0,0,0
สตรีวิทยา๒,1,0,0,0,0,0
สตรีศรีน่าน,0,0,1,0,0,0
สตรีศรีสุริโยทัย,1,0,0,0,0,0
สตรีศึกษา,0,0,0,1,0,0
สตรีสมุทรปราการ,1,0,0,0,0,0
สตรีสิริเกศ,0,0,0,1,0,0
สตรีอ่างทอง,1,0,0,0,0,0
สตรีเศรษฐบุตรบำเพ็ญ,1,0,0,0,0,0
สตึก,0,0,0,1,0,0
สตูลวิทยา,0,0,0,0,1,0
สนามชัยเขต,0,1,0,0,0,0
สภาราชินี2,0,0,0,0,1,0
สภาราชินีจังหวัดตรัง,0,0,0,0,1,0
สมุทรปราการ,1,0,0,0,0,0
สมุทรสาครบูรณะ,1,0,0,0,0,0
สมุทรสาครวิทยาลัย,1,0,0,0,0,0
สมเด็จพิทยาคม,0,0,0,1,0,0
สรรพยาวิทยา,1,0,0,0,0,0
สรรพวิทยาคม,0,0,0,0,0,1
สระกระโจมโสภณพิทยา,1,0,0,0,0,0
สระบุรีวิทยาคม,1,0,0,0,0,0
สระยายโสมวิทยา,1,0,0,0,0,0
สระหลวงพิทยาคม,1,0,0,0,0,0
สระแก้ว,0,1,0,0,0,0
สวนกุหลาบวิทยาลัย,1,0,0,0,0,0
สวนกุหลาบวิทยาลัยชลบุรี,0,1,0,0,0,0
สวนกุหลาบวิทยาลัยธนบุรี,1,0,0,0,0,0
สวนกุหลาบวิทยาลัยนครศรีธรรมราช,0,0,0,0,1,0
สวนกุหลาบวิทยาลัยนนทบุรี,1,0,0,0,0,0
สวนกุหลาบวิทยาลัยรังสิต,1,0,0,0,0,0
สวนกุหลาบวิทยาลัยสระบุรี,1,0,0,0,0,0
สวนกุหลาบวิทยาลัยเพชรบูรณ์,1,0,0,0,0,0
สวนศรีวิทยา,0,0,0,0,1,0
สวรรค์อนันต์วิทยา,1,0,0,0,0,0
สวัสดิ์รัตนาภิมุข,0,0,0,0,1,0
สวีวิทยา,0,0,0,0,1,0
สหราษฎร์รังสฤษดิ์,0,0,0,1,0,0
สองพิทยาคม,0,0,1,0,0,0
สองพี่น้องวิทยา,1,0,0,0,0,0
สอยดาววิทยา,0,1,0,0,0,0
สอาดเผดิมวิทยา,0,0,0,0,1,0
สะแกพิทยาคม,0,0,0,1,0,0
สังขะ,0,0,0,1,0,0
สัตหีบวิทยาคม,0,1,0,0,0,0
สันติราษฎร์วิทยาลัย,1,0,0,0,0,0
สันติสุขพิทยาคม,0,0,1,0,0,0
สา,0,0,1,0,0,0
สาครพิทยาคาร,0,0,0,0,1,0
สามชุกรัตนโภคาราม,1,0,0,0,0,0
สามพรานวิทยา,1,0,0,0,0,0
สามร้อยยอดวิทยาคม,0,0,0,0,0,1
สามัคคีวิทยาคม,0,0,1,0,0,0
สามเสนวิทยาลัย,1,0,0,0,0,0
สายธรรมจันทร์,0,0,0,0,0,1
สายน้ำผึ้งในพระอุปถัมภ์ฯ,1,0,0,0,0,0
สายปัญญารังสิต,1,0,0,0,0,0
สายปัญญาในพระบรมราชินูปถัมภ์,1,0,0,0,0,0
สารคามพิทยาคม,0,0,0,1,0,0
สารภีพิทยาคม,0,0,1,0,0,0
สารวิทยา,1,0,0,0,0,0
สิงหวิทยาคม,0,0,0,1,0,0
สิงห์บุรี,1,0,0,0,0,0
สิงห์สมุทร,0,1,0,0,0,0
สิชลคุณาธารวิทยา,0,0,0,0,1,0
สิรินธร,0,0,0,1,0,0
สิรินธรราชวิทยาลัย,1,0,0,0,0,0
สิริรัตนาธร,1,0,0,0,0,0
สิเกาประชาผดุงวิทย์,0,0,0,0,1,0
สีกัน(วัฒนานันท์อุปถัมภ์),1,0,0,0,0,0
สุขุมนวพันธ์อุปถัมภ์,1,0,0,0,0,0
สุธีวิทยา,1,0,0,0,0,0
สุนทรภู่พิทยา,0,1,0,0,0,0
สุรธรรมพิทักษ์,0,0,0,1,0,0
สุรนารีวิทยา,0,0,0,1,0,0
สุรพินท์พิทยา,0,0,0,1,0,0
สุรวิทยาคาร,0,0,0,1,0,0
สุรศักดิ์มนตรี,1,0,0,0,0,0
สุรศักดิ์วิทยาคม,0,1,0,0,0,0
สุราษฎร์ธานี,0,0,0,0,1,0
สุราษฎร์พิทยา,0,0,0,0,1,0
สุวรรณคูหาพิทยาสรรค์,0,0,0,1,0,0
สุวรรณพลับพลาพิทยาคม,1,0,0,0,0,0
สุวรรณภูมิพิทยไพศาล,0,0,0,1,0,0
สุวรรณวิทยา,0,1,0,0,0,0
สุวรรณารามวิทยาคม,1,0,0,0,0,0
สุโขทัยวิทยาคม,1,0,0,0,0,0
สุไหงโกลก,0,0,0,0,1,0
ส่วนบุญโญปถัมภ์ลำพูน,0,0,1,0,0,0
ส้มป่อยพิทยาคม,0,0,0,1,0,0
หงษ์เจริญวิทยาคม,0,0,0,0,1,0
หนองกี่พิทยาคม,0,0,0,1,0,0
หนองฉางวิทยา,1,0,0,0,0,0
หนองบัว,1,0,0,0,0,0
หนองบัวพิทยาคาร,0,0,0,1,0,0
หนองบัวแดงวิทยา,0,0,0,1,0,0
หนองพอกวิทยาลัย,0,0,0,1,0,0
หนองม่วงวิทยา,1,0,0,0,0,0
หนองรีประชานิมิต,0,0,0,0,0,1
หนองสูงสามัคคีวิทยา,0,0,0,1,0,0
หนองหญ้าไซวิทยา,1,0,0,0,0,0
หนองหัวคูปวงประชานุเคราะห์,0,0,0,1,0,0
หนองเรือวิทยา,0,0,0,1,0,0
หนองเสือวิทยาคม,1,0,0,0,0,0
หนองแสงวิทยศึกษา,0,0,0,1,0,0
หนองโสนพิทยาคม,1,0,0,0,0,0
หนองไผ่,1,0,0,0,0,0
หรรษาสุจิตต์วิทยา2,1,0,0,0,0,0
หลวงพ่อปานคลองด่านอนุสรณ์,1,0,0,0,0,0
หล่มสักวิทยาคม,1,0,0,0,0,0
หล่มเก่าพิทยาคม,1,0,0,0,0,0
หอวัง,1,0,0,0,0,0
หอวังปทุมธานี,1,0,0,0,0,0
หันคาพิทยาคม,1,0,0,0,0,0
หัวตะพานวิทยาคม,0,0,0,1,0,0
หัวหิน,0,0,0,0,0,1
หาดสำราญวิทยาคม,0,0,0,0,1,0
หาดอมราอักษรลักษณ์วิทยา,1,0,0,0,0,0
หาดใหญ่รัฐประชาสรรค์,0,0,0,0,1,0
หาดใหญ่วิทยาลัย,0,0,0,0,1,0
หาดใหญ่วิทยาลัย2,0,0,0,0,1,0
หาดใหญ่วิทยาลัยสมบูรณ์กุลกันยา,0,0,0,0,1,0
หาดใหญ่เจริญราษฎร์พิทยา,0,0,0,0,1,0
หารเทารังสีประชาสรรค์,0,0,0,0,1,0
หินกองวิทยาคม,1,0,0,0,0,0
ห้วยทับทันวิทยาคม,0,0,0,1,0,0
ห้วยยอด,0,0,0,0,1,0
ห้วยเม็กวิทยาคม,0,0,0,1,0,0
ห้วยแถลงพิทยาคม,0,0,0,1,0,0
ห้องสอนศึกษาในพระอุปถัมภ์ฯ,0,0,1,0,0,0
องครักษ์,1,0,0,0,0,0
อนุกูลนารี,0,0,0,1,0,0
อยุธยานุสรณ์,1,0,0,0,0,0
อยุธยาวิทยาลัย,1,0,0,0,0,0
อรัญประเทศ,0,1,0,0,0,0
อัมพวันวิทยาลัย,1,0,0,0,0,0
อำนาจเจริญ,0,0,0,1,0,0
อำมาตย์พานิชนุกูล,0,0,0,0,1,0
อินทร์บุรี,1,0,0,0,0,0
อิสลามวิทยาลัยแห่งประเทศไทย,1,0,0,0,0,0
อุดมดรุณี,1,0,0,0,0,0
อุดมวิทยายน,0,0,0,0,1,0
อุดมสิทธิศึกษา,0,0,0,0,0,1
อุดรพัฒนาการ,0,0,0,1,0,0
อุดรพิชัยรักษ์พิทยา,0,0,0,1,0,0
อุดรพิทยานุกูล,0,0,0,1,0,0
อุตรดิตถ์,0,0,1,0,0,0
อุตรดิตถ์ดรุณี,0,0,1,0,0,0
อุทัยวิทยาคม,1,0,0,0,0,0
อุบลรัตนราชกัญญาราชวิทยาลัยนครราชสีมา,0,0,0,1,0,0
อุบลรัตน์พิทยาคม,0,0,0,1,0,0
อุลิตไพบูลย์ชนูปถัมภ์,1,0,0,0,0,0
อุเทนพัฒนา,0,0,0,1,0,0
อุ้มผางวิทยาคม,0,0,0,0,0,1
อู่ทอง,1,0,0,0,0,0
อู่ทองศึกษาลัย,1,0,0,0,0,0
อ่างทองปัทมโรจน์วิทยาคม,1,0,0,0,0,0
อ่าวน้อยวิทยานิคม,0,0,0,0,0,1
อ่าวลึกประชาสรรค์,0,0,0,0,1,0
อ้อมน้อยโสภณชนูปถัมภ์,1,0,0,0,0,0
เกาะสมุย,0,0,0,0,1,0
เกาะโพธิ์ถ้วยงามวิทยา,0,1,0,0,0,0
เขมราฐพิทยาคม,0,0,0,1,0,0
เขวาไร่ศึกษา,0,0,0,1,0,0
เขาชะเมาวิทยา,0,1,0,0,0,0
เขาทะลุพิทยาคม,0,0,0,0,1,0
เขาย้อยวิทยา,0,0,0,0,0,1
เขาสมิงวิทยาคมจงจินต์รุจิรวงศ์อุปถัมภ์,0,1,0,0,0,0
เขาเพิ่มนารีผลวิทยา,1,0,0,0,0,0
เขื่องในพิทยาคาร,0,0,0,1,0,0
เขื่อนพิทยาสรรค์,0,0,0,1,0,0
เคียนซาพิทยาคม,0,0,0,0,1,0
เจียงทองพิทยาคม,0,0,0,1,0,0
เจ้าพระยาวิทยาคม,1,0,0,0,0,0
เฉลิมขวัญสตรี,1,0,0,0,0,0
เฉลิมพระเกียรติสมเด็จพระศรีนครินทร์กาญจนบุรี,0,0,0,0,0,1
เฉลิมพระเกียรติสมเด็จพระศรีนครินทร์กำแพงเพชร,1,0,0,0,0,0
เฉลิมพระเกียรติสมเด็จพระศรีนครินทร์ระยอง,0,1,0,0,0,0
เฉลิมพระเกียรติสมเด็จพระศรีนครินทร์ร้อยเอ็ด,0,0,0,1,0,0
เชียงของวิทยาคม,0,0,1,0,0,0
เชียงคาน,0,0,0,1,0,0
เชียงคำวิทยาคม,0,0,1,0,0,0
เชียรใหญ่,0,0,0,0,1,0
เดชอุดม,0,0,0,1,0,0
เดชะปัตตนยานุกูล,0,0,0,0,1,0
เตรียมอุดมศึกษา,1,0,0,0,0,0
เตรียมอุดมศึกษาน้อมเกล้า,1,0,0,0,0,0
เตรียมอุดมศึกษาน้อมเกล้านนทบุรี,1,0,0,0,0,0
เตรียมอุดมศึกษาน้อมเกล้าปทุมธานี,1,0,0,0,0,0
เตรียมอุดมศึกษาน้อมเกล้าสมุทรปราการ,1,0,0,0,0,0
เตรียมอุดมศึกษาน้อมเกล้าอุตรดิตถ์,0,0,1,0,0,0
เตรียมอุดมศึกษาพัฒนาการ,1,0,0,0,0,0
เตรียมอุดมศึกษาพัฒนาการนนทบุรี,1,0,0,0,0,0
เตรียมอุดมศึกษาพัฒนาการปราณบุรี,0,0,0,0,0,1
เตรียมอุดมศึกษาพัฒนาการรัชดา,1,0,0,0,0,0
เตรียมอุดมศึกษาพัฒนาการสุวรรณภูมิ,1,0,0,0,0,0
เตรียมอุดมศึกษาพัฒนาการอุดรธานี,0,0,0,1,0,0
เตรียมอุดมศึกษาภาคตะวันออกเฉียงเหนือ,0,0,0,1,0,0
เตรียมอุดมศึกษาภาคใต้,0,0,0,0,1,0
เตรียมอุดมศึกษาสุวินทวงศ์,1,0,0,0,0,0
เตรียมอุดมศึกษาเปร็งวิสุทธาธิบดี,0,1,0,0,0,0
เถินวิทยา,0,0,1,0,0,0
เทพมงคลรังษี,0,0,0,0,0,1
เทพลีลา,1,0,0,0,0,0
เทพศิรินทร์คลองสิบสามปทุมธานี,1,0,0,0,0,0
เทพศิรินทร์นนทบุรี,1,0,0,0,0,0
เทพศิรินทร์พุแค,1,0,0,0,0,0
เทพศิรินทร์ร่มเกล้า,1,0,0,0,0,0
เทพศิรินทร์สมุทรปราการ,1,0,0,0,0,0
เทพสถิตวิทยา,0,0,0,1,0,0
เบญจมราชรังสฤษฎิ์,0,1,0,0,0,0
เบญจมราชรังสฤษฎิ์2,0,1,0,0,0,0
เบญจมราชรังสฤษฎิ์3ชนะสงสารวิทยา,0,1,0,0,0,0
เบญจมราชานุสรณ์,1,0,0,0,0,0
เบญจมราชาลัยในพระบรมราชูปถัมภ์,1,0,0,0,0,0
เบญจมราชูทิศ,0,0,0,0,0,1
เบญจมราชูทิศจังหวัดจันทบุรี,0,1,0,0,0,0
เบญจมราชูทิศจังหวัดปัตตานี,0,0,0,0,1,0
เบญจมเทพอุทิศจังหวัดเพชรบุรี,0,0,0,0,0,1
เบ็ญจะมะมหาราช,0,0,0,1,0,0
เปร็งวิสุทธาธิบดี,1,0,0,0,0,0
เพชรพิทยาคม,1,0,0,0,0,0
เพ็ญพิทยาคม,0,0,0,1,0,0
เมยวดีพิทยาคม,0,0,0,1,0,0
เมืองกระบี่,0,0,0,0,1,0
เมืองคง,0,0,0,1,0,0
เมืองตลุงพิทยาสรรพ์,0,0,0,1,0,0
เมืองนครศรีธรรมราช,0,0,0,0,1,0
เมืองศรีเทพ,1,0,0,0,0,0
เมืองสรวงวิทยา,0,0,0,1,0,0
เมืองสุราษฎร์ธานี,0,0,0,0,1,0
เมืองหลังสวน,0,0,0,0,1,0
เมืองเชลียง,1,0,0,0,0,0
เรณูนครวิทยานุกูล,0,0,0,1,0,0
เรืองวิทย์พิทยาคม,1,0,0,0,0,0
เลยพิทยาคม,0,0,0,1,0,0
เลยอนุกูลวิทยา,0,0,0,1,0,0
เลิงนกทา,0,0,0,1,0,0
เวียงมอกวิทยา,0,0,1,0,0,0
เวียงเชียงรุ้งวิทยาคม,0,0,1,0,0,0
เวียงแหงวิทยาคม,0,0,1,0,0,0
เศรษฐบุตรบำเพ็ญ,1,0,0,0,0,0
เสริมงามวิทยาคม,0,0,1,0,0,0
เสลภูมิพิทยาคม,0,0,0,1,0,0
เหนือคลองประชาบำรุง,0,0,0,0,1,0
แก่งคอย,1,0,0,0,0,0
แก่นนครวิทยาลัย,0,0,0,1,0,0
แก้งคร้อวิทยา,0,0,0,1,0,0
แก้งสนามนางพิทยาคม,0,0,0,1,0,0
แจงร้อนวิทยา,1,0,0,0,0,0
แจ้ห่มวิทยา,0,0,1,0,0,0
แนงมุดวิทยา,0,0,0,1,0,0
แม่สะเรียง(บริพัตรศึกษา),0,0,1,0,0,0
แม่สายประสิทธิ์ศาสตร์,0,0,1,0,0,0
แม่เจดีย์วิทยาคม,0,0,1,0,0,0
แสนสุข,0,1,0,0,0,0
แสวงหาวิทยาคม,1,0,0,0,0,0
โกสุมวิทยาสรรค์,0,0,0,1,0,0
โขงเจียมวิทยาคม,0,0,0,1,0,0
โคกกะเทียมวิทยาลัย,1,0,0,0,0,0
โคราชพิทยาคม,0,0,0,1,0,0
โค้งไผ่วิทยา,1,0,0,0,0,0
โชคชัยสามัคคี,0,0,0,1,0,0
โนนสังวิทยาคาร,0,0,0,1,0,0
โนนสูงศรีธานี,0,0,0,1,0,0
โป่งน้ำร้อนวิทยาคม,0,1,0,0,0,0
โพธาวัฒนาเสนี,0,0,0,0,0,1
โพธิสัมพันธ์พิทยาคาร,0,1,0,0,0,0
โพธิสารพิทยากร,1,0,0,0,0,0
โพธิ์ชัยชนูปถัมภ์,0,0,0,1,0,0
โพธิ์ทองพิทยาคม,0,0,0,1,0,0
โพธิ์ไทรพิทยาคาร,0,0,0,1,0,0
โพนทองพัฒนาวิทยา,0,0,0,1,0,0
โยธินบำรุง,0,0,0,0,1,0
โยธินบูรณะ,1,0,0,0,0,0
ไชยปราการ,0,0,1,0,0,0
ไชยาวิทยา,0,0,0,0,1,0
ไตรมิตรวิทยาลัย,1,0,0,0,0,0
ไตรเขตประชาสามัคคีรัชมังคลาภิเษก,0,0,1,0,0,0
ไทรน้อย,1,0,0,0,0,0
ไพศาลีพิทยา,1,0,0,0,0,0
อื่นๆ,0,0,0,0,0,0
